{
  "type": "minecraft:entity",
  "pools": [
    {
      "rolls": 1,
      "entries": [
        {
          "type": "minecraft:item",
          "name": "minecraft:potion",
          "functions": [
            {
              "function": "minecraft:set_nbt",
              "tag": "{Potion:\"minecraft:invisibility\"}"
            }
          ],
          "conditions": [
            {
              "condition": "minecraft:random_chance",
              "chance": 0.75
            }
          ]
        }
      ]
    },
    {
      "rolls": 1,
      "entries": [
        {
          "type": "minecraft:item",
          "name": "minecraft:book",
          "functions": [
            {
              "function": "minecraft:enchant_randomly"
            }
          ],
          "conditions": [
            {
              "condition": "minecraft:random_chance",
              "chance": 0.5
            }
          ]
        }
      ]
    },
    {
      "rolls": 1,
      "entries": [
        {
          "type": "minecraft:item",
          "weight": 1,
          "quality": 1,
          "name": "minecraft:potion",
          "functions": [
            {
              "function": "minecraft:set_nbt",
              "tag": "{display:{Name:'{\"text\":\"Illusioners Mystery Potion\",\"italic\":false}',Lore:['{\"text\":\"Good or Bad?\",\"color\":\"blue\",\"italic\":false}','{\"text\":\"Drink and find out!\",\"color\":\"yellow\",\"italic\":false}']},HideFlags:123,CustomPotionEffects:[{Id:8b,Amplifier:1b,Duration:400},{Id:28b,Amplifier:1b,Duration:400}],CustomPotionColor:236287}"
            }
          ],
          "conditions": [
            {
              "condition": "minecraft:random_chance",
              "chance": 0.05
            }
          ]
        },
        {
          "type": "minecraft:item",
          "weight": 1,
          "quality": 1,
          "name": "minecraft:potion",
          "functions": [
            {
              "function": "minecraft:set_nbt",
              "tag": "{display:{Name:'{\"text\":\"Illusioners Mystery Potion\",\"italic\":false}',Lore:['{\"text\":\"Good or Bad?\",\"color\":\"blue\",\"italic\":false}','{\"text\":\"Drink and find out!\",\"color\":\"yellow\",\"italic\":false}']},HideFlags:123,CustomPotionEffects:[{Id:8b,Amplifier:1b,Duration:400},{Id:9b,Amplifier:1b,Duration:400}],CustomPotionColor:236287}"
            }
          ],
          "conditions": [
            {
              "condition": "minecraft:random_chance",
              "chance": 0.05
            }
          ]
        },
        {
          "type": "minecraft:item",
          "weight": 1,
          "quality": 1,
          "name": "minecraft:potion",
          "functions": [
            {
              "function": "minecraft:set_nbt",
              "tag": "{display:{Name:'{\"text\":\"Illusioners Mystery Potion\",\"italic\":false}',Lore:['{\"text\":\"Good or Bad?\",\"color\":\"blue\",\"italic\":false}','{\"text\":\"Drink and find out!\",\"color\":\"yellow\",\"italic\":false}']},HideFlags:123,CustomPotionEffects:[{Id:18b,Amplifier:1b,Duration:400},{Id:31b,Amplifier:0b,Duration:400}],CustomPotionColor:236287}"
            }
          ],
          "conditions": [
            {
              "condition": "minecraft:random_chance",
              "chance": 0.05
            }
          ]
        },
        {
          "type": "minecraft:item",
          "weight": 1,
          "quality": 1,
          "name": "minecraft:potion",
          "functions": [
            {
              "function": "minecraft:set_nbt",
              "tag": "{display:{Name:'{\"text\":\"Illusioners Mystery Potion\",\"italic\":false}',Lore:['{\"text\":\"Good or Bad?\",\"color\":\"blue\",\"italic\":false}','{\"text\":\"Drink and find out!\",\"color\":\"yellow\",\"italic\":false}']},HideFlags:123,CustomPotionEffects:[{Id:14b,Amplifier:0b,Duration:400},{Id:15b,Amplifier:0b,Duration:400}],CustomPotionColor:236287}"
            }
          ],
          "conditions": [
            {
              "condition": "minecraft:random_chance",
              "chance": 0.05
            }
          ]
        },
        {
          "type": "minecraft:item",
          "weight": 1,
          "quality": 1,
          "name": "minecraft:potion",
          "functions": [
            {
              "function": "minecraft:set_nbt",
              "tag": "{display:{Name:'{\"text\":\"Illusioners Mystery Potion\",\"italic\":false}',Lore:['{\"text\":\"Good or Bad?\",\"color\":\"blue\",\"italic\":false}','{\"text\":\"Drink and find out!\",\"color\":\"yellow\",\"italic\":false}']},HideFlags:123,CustomPotionEffects:[{Id:2b,Amplifier:2b,Duration:400},{Id:3b,Amplifier:1b,Duration:400}],CustomPotionColor:236287}"
            }
          ],
          "conditions": [
            {
              "condition": "minecraft:random_chance",
              "chance": 0.05
            }
          ]
        },
        {
          "type": "minecraft:item",
          "weight": 1,
          "quality": 1,
          "name": "minecraft:potion",
          "functions": [
            {
              "function": "minecraft:set_nbt",
              "tag": "{display:{Name:'{\"text\":\"Illusioners Mystery Potion\",\"italic\":false}',Lore:['{\"text\":\"Good or Bad?\",\"color\":\"blue\",\"italic\":false}','{\"text\":\"Drink and find out!\",\"color\":\"yellow\",\"italic\":false}']},HideFlags:123,CustomPotionEffects:[{Id:24b,Amplifier:0b,Duration:400},{Id:25b,Amplifier:0b,Duration:400}],CustomPotionColor:236287}"
            }
          ],
          "conditions": [
            {
              "condition": "minecraft:random_chance",
              "chance": 0.05
            }
          ]
        },
        {
          "type": "minecraft:item",
          "weight": 1,
          "quality": 1,
          "name": "minecraft:potion",
          "functions": [
            {
              "function": "minecraft:set_nbt",
              "tag": "{display:{Name:'{\"text\":\"Illusioners Mystery Potion\",\"italic\":false}',Lore:['{\"text\":\"Good or Bad?\",\"color\":\"blue\",\"italic\":false}','{\"text\":\"Drink and find out!\",\"color\":\"yellow\",\"italic\":false}']},HideFlags:123,CustomPotionEffects:[{Id:13b,Amplifier:1b,Duration:400},{Id:30b,Amplifier:1b,Duration:400}],CustomPotionColor:236287}"
            }
          ],
          "conditions": [
            {
              "condition": "minecraft:random_chance",
              "chance": 0.05
            }
          ]
        },
        {
          "type": "minecraft:item",
          "weight": 1,
          "quality": 1,
          "name": "minecraft:potion",
          "functions": [
            {
              "function": "minecraft:set_nbt",
              "tag": "{display:{Name:'{\"text\":\"Illusioners Mystery Potion\",\"italic\":false}',Lore:['{\"text\":\"Good or Bad?\",\"color\":\"blue\",\"italic\":false}','{\"text\":\"Drink and find out!\",\"color\":\"yellow\",\"italic\":false}']},HideFlags:123,CustomPotionEffects:[{Id:19b,Amplifier:0b,Duration:400},{Id:28b,Amplifier:1b,Duration:400}],CustomPotionColor:236287}"
            }
          ],
          "conditions": [
            {
              "condition": "minecraft:random_chance",
              "chance": 0.05
            }
          ]
        }
      ]
    }
  ]
}