{
  "display": {
    "icon": {
      "item": "minecraft:potion",
      "nbt":  "{display:{Name:'{\"text\":\"Illusioners Mystery Potion\",\"italic\":false}',Lore:['{\"text\":\"Good or Bad?\",\"color\":\"blue\",\"italic\":false}','{\"text\":\"Drink and find out!\",\"color\":\"yellow\",\"italic\":false}']},HideFlags:123,CustomPotionEffects:[{Id:8b,Amplifier:1b,Duration:400},{Id:9b,Amplifier:1b,Duration:400}],CustomPotionColor:236287}"
    },
    "title": {
      "text": "Couldn't Help Yourself?!",
      "color": "aqua"}
    ,
    "description":
      [{"text": "How did it taste?","color":"white"},{"text": "\nWas it worth it?","color":"white"}]
    ,
    "frame": "task",
    "show_toast": true,
    "announce_to_chat": true,
    "hidden": true
  },
  "parent": "8bm:advancements/ir.kill_illusioner",
    "criteria": {
        "drankit": {
            "trigger": "minecraft:consume_item",
            "conditions": {
                "item": {
                    "item": "minecraft:potion",
                    "nbt": "{display:{Name:'{\"text\":\"Illusioners Mystery Potion\",\"italic\":false}'}}"
                }
            }
        }
    }
}