{
  "display": {
    "icon": {
      "item": "minecraft:player_head",
      "nbt":  "{SkullOwner:{Id:[I;1599855440,1082867889,-1786092617,1408092924],Properties:{textures:[{Value:'eyJ0ZXh0dXJlcyI6eyJTS0lOIjp7InVybCI6Imh0dHA6Ly90ZXh0dXJlcy5taW5lY3JhZnQubmV0L3RleHR1cmUvNDYzOWQzMjVmNDQ5NDI1OGE0NzNhOTNhM2I0N2YzNGEwYzUxYjNmY2VhZjU5ZmVlODcyMDVhNWU3ZmYzMWY2OCJ9fX0='}]}}}"
    },
    "title": {
      "text": "Where'd they go?",
      "color": "aqua"}
    ,
    "description":
      [{"text": "Seccessfully kill a Illusioner in a raid","color":"white"}]
    ,
    "frame": "task",
    "show_toast": true,
    "announce_to_chat": true,
    "hidden": false
  },
  "parent": "8bm:illusioner_raids",
    "criteria": {
        "killed": {
            "trigger": "minecraft:player_killed_entity",
            "conditions": {
                "entity": {
                    "type": "minecraft:illusioner",
                    "nbt": "{Tags:[\"8bm.ir.illusioner\"]}"
                },
                "killing_blow": {
                    "source_entity": {
                        "type": "minecraft:player"
                    }
                }
            }
        }
    }
}
