{
  "display": {
    "icon": {
      "item": "minecraft:player_head",
      "nbt":  "{SkullOwner:{Id:[I;-1624306260,758072266,-1695464959,-1977368287],Properties:{textures:[{Value:'eyJ0ZXh0dXJlcyI6eyJTS0lOIjp7InVybCI6Imh0dHA6Ly90ZXh0dXJlcy5taW5lY3JhZnQubmV0L3RleHR1cmUvODU3MDY2ODc5Nzc4ZDk1YTJhNzk1OWM1ZjAyYTMzOWZlODRlOTZlOTQ2MjMzM2NjNzQxNTJhYTI5MzNjNWZiIn19fQ=='}]}}}"
    },
    "title": {
      "text": "Potion Farming?",
      "color": "dark_aqua"}
    ,
    "description":
      [{"text": "Brewing those invisibility potions would be quicker!","color":"white"}]
    ,
    "frame": "challenge",
    "show_toast": true,
    "announce_to_chat": true,
    "hidden": true
  },
  "parent": "8bm:advancements/ir.couldnt_help_yourself",
    "criteria": {
        "howmany": {
            "trigger": "minecraft:impossible"
        }
    },
    "rewards": {
        "function": "8bm:ill_raids/rewards/trophy.potion_farming"
    }
}
