{
"parent": "8bm:global/triggers/global.reset",
  "criteria": {
        "killed_illusioner": {
            "trigger": "minecraft:player_killed_entity",
            "conditions": {
                "entity": {
                    "type": "minecraft:illusioner"
                },
                "killing_blow": {
                    "source_entity": {
                        "type": "minecraft:player"
                    }
                }
            }
        }
    },
    "rewards": {
        "function": "8bm:ill_raids/main"
    }
}
