{
    "type": "minecraft:crafting_shaped",
    "pattern": [
        "#g#",
        "LGL",
        "OLO"
    ],
    "key": {
        "#": {
            "item": "minecraft:blaze_powder"
        },
        "g": {
            "item": "minecraft:gold_ingot"
        },
        "L": {
            "item": "minecraft:lapis_lazuli"
        },
        "G": {
            "item": "minecraft:glass_bottle"
        },
        "O": {
            "item": "minecraft:glowstone_dust"
        }
    },
    "result": {
        "item": "minecraft:experience_bottle",
        "count": 4
    }
}