{
    "display": {
        "title": {
            "text": "Cover me with Chain!",
            "color": "gold",
            "bold": false,
            "italic": false,
            "underlined": false,
            "strikethrough": false,
            "obfuscated": false
        },
        "description": {
            "text": "Get all chainmail armor parts",
            "color": "dark_green",
            "bold": false,
            "italic": true
        },
        "icon": {
            "item": "minecraft:chainmail_chestplate"
        },
        "frame": "challenge",
        "show_toast": true,
        "announce_to_chat": true,
        "hidden": false,
        "background": "minecraft:textures/gui/advancements/backgrounds/stone.png"
    },
    "criteria": {
        "chestplate": {
            "trigger": "minecraft:inventory_changed",
            "conditions": {
                "items": [
                    {
                        "item": "minecraft:chainmail_chestplate",
                        "count": {
                            "min": 1,
                            "max": 1
                        }
                    }
                ]
            }
        },
        "helmet": {
            "trigger": "minecraft:inventory_changed",
            "conditions": {
                "items": [
                    {
                        "item": "minecraft:chainmail_helmet",
                        "count": {
                            "min": 1,
                            "max": 1
                        }
                    }
                ]
            }
        },
        "boots": {
            "trigger": "minecraft:inventory_changed",
            "conditions": {
                "items": [
                    {
                        "item": "minecraft:chainmail_boots",
                        "count": {
                            "min": 1,
                            "max": 1
                        }
                    }
                ]
            }
        },
        "leggings": {
            "trigger": "minecraft:inventory_changed",
            "conditions": {
                "items": [
                    {
                        "item": "minecraft:chainmail_leggings",
                        "count": {
                            "min": 1,
                            "max": 1
                        }
                    }
                ]
            }
        }
    },
    "rewards": {
        "experience": 10
    }
}