{"pools":[{"rolls":1,"entries":[{"type":"item","weight":1,"name":"minecraft:wooden_hoe","functions":[{"function":"set_count","count":1},{"function":"set_nbt","tag":"{HideFlags:62,Unbreakable:1b,CustomModelData:968010,btriitems:1b,AttributeModifiers:[{AttributeName:\"generic.luck\",Name:\"generic.luck\",Amount:1,Operation:0,UUID:[I;1545069461,1354124806,-2106181353,-1773730771]}]}"},{"function":"set_name","name":[{"text":"Broken Totem of Undying","color":"white","bold":false,"italic":false}]}]}]}]}