{
  "condition": "minecraft:alternative",
  "terms": [
    { "condition": "minecraft:entity_scores", "entity": "this", "scores": { "pbbs.cs.000042": { "min": 1, "max": 99999 } } },
    { "condition": "minecraft:entity_scores", "entity": "this", "scores": { "pbbs.cs.000043": { "min": 1, "max": 99999 } } },
    { "condition": "minecraft:entity_scores", "entity": "this", "scores": { "pbbs.cs.000054": { "min": 1, "max": 99999 } } },
    { "condition": "minecraft:entity_scores", "entity": "this", "scores": { "pbbs.cs.000055": { "min": 1, "max": 99999 } } },
    { "condition": "minecraft:entity_scores", "entity": "this", "scores": { "pbbs.cs.000075": { "min": 1, "max": 99999 } } },
    { "condition": "minecraft:entity_scores", "entity": "this", "scores": { "pbbs.cs.000076": { "min": 1, "max": 99999 } } },
    { "condition": "minecraft:entity_scores", "entity": "this", "scores": { "pbbs.cs.000117": { "min": 1, "max": 99999 } } },
    { "condition": "minecraft:entity_scores", "entity": "this", "scores": { "pbbs.cs.000118": { "min": 1, "max": 99999 } } },    
    { "condition": "minecraft:entity_scores", "entity": "this", "scores": { "pbbs.cs.000177": { "min": 1, "max": 99999 } } },
    { "condition": "minecraft:entity_scores", "entity": "this", "scores": { "pbbs.cs.000178": { "min": 1, "max": 99999 } } },
    { "condition": "minecraft:entity_scores", "entity": "this", "scores": { "pbbs.cs.000179": { "min": 1, "max": 99999 } } },    
    { "condition": "minecraft:entity_scores", "entity": "this", "scores": { "pbbs.cs.000205": { "min": 1, "max": 99999 } } },
    { "condition": "minecraft:entity_scores", "entity": "this", "scores": { "pbbs.cs.000206": { "min": 1, "max": 99999 } } },    
    { "condition": "minecraft:entity_scores", "entity": "this", "scores": { "pbbs.cs.000214": { "min": 1, "max": 99999 } } },
    { "condition": "minecraft:entity_scores", "entity": "this", "scores": { "pbbs.cs.000215": { "min": 1, "max": 99999 } } },    
    { "condition": "minecraft:entity_scores", "entity": "this", "scores": { "pbbs.cs.000273": { "min": 1, "max": 99999 } } },
    { "condition": "minecraft:entity_scores", "entity": "this", "scores": { "pbbs.cs.000274": { "min": 1, "max": 99999 } } },
    { "condition": "minecraft:entity_scores", "entity": "this", "scores": { "pbbs.cs.000282": { "min": 1, "max": 99999 } } },
    { "condition": "minecraft:entity_scores", "entity": "this", "scores": { "pbbs.cs.000283": { "min": 1, "max": 99999 } } },
    { "condition": "minecraft:entity_scores", "entity": "this", "scores": { "pbbs.cs.000292": { "min": 1, "max": 99999 } } },
    { "condition": "minecraft:entity_scores", "entity": "this", "scores": { "pbbs.cs.000293": { "min": 1, "max": 99999 } } },
    { "condition": "minecraft:entity_scores", "entity": "this", "scores": { "pbbs.cs.000302": { "min": 1, "max": 99999 } } },
    { "condition": "minecraft:entity_scores", "entity": "this", "scores": { "pbbs.cs.000303": { "min": 1, "max": 99999 } } },
    { "condition": "minecraft:entity_scores", "entity": "this", "scores": { "pbbs.cs.000347": { "min": 1, "max": 99999 } } },
    { "condition": "minecraft:entity_scores", "entity": "this", "scores": { "pbbs.cs.000348": { "min": 1, "max": 99999 } } },
    { "condition": "minecraft:entity_scores", "entity": "this", "scores": { "pbbs.cs.000359": { "min": 1, "max": 99999 } } },
    { "condition": "minecraft:entity_scores", "entity": "this", "scores": { "pbbs.cs.000360": { "min": 1, "max": 99999 } } },
    { "condition": "minecraft:entity_scores", "entity": "this", "scores": { "pbbs.cs.000387": { "min": 1, "max": 99999 } } },
    { "condition": "minecraft:entity_scores", "entity": "this", "scores": { "pbbs.cs.000388": { "min": 1, "max": 99999 } } },
    { "condition": "minecraft:entity_scores", "entity": "this", "scores": { "pbbs.cs.000414": { "min": 1, "max": 99999 } } },
    { "condition": "minecraft:entity_scores", "entity": "this", "scores": { "pbbs.cs.000415": { "min": 1, "max": 99999 } } },
    { "condition": "minecraft:entity_scores", "entity": "this", "scores": { "pbbs.cs.000489": { "min": 1, "max": 99999 } } },
    { "condition": "minecraft:entity_scores", "entity": "this", "scores": { "pbbs.cs.000490": { "min": 1, "max": 99999 } } },
    { "condition": "minecraft:entity_scores", "entity": "this", "scores": { "pbbs.cs.000503": { "min": 1, "max": 99999 } } },
    { "condition": "minecraft:entity_scores", "entity": "this", "scores": { "pbbs.cs.000504": { "min": 1, "max": 99999 } } }
  ]
}