{
  "condition": "minecraft:alternative",
  "terms": [
    { "condition": "minecraft:entity_scores", "entity": "this", "scores": { "pbbs.cs.000040": { "min": 1, "max": 99999 } } },
    { "condition": "minecraft:entity_scores", "entity": "this", "scores": { "pbbs.cs.000051": { "min": 1, "max": 99999 } } },
    { "condition": "minecraft:entity_scores", "entity": "this", "scores": { "pbbs.cs.000073": { "min": 1, "max": 99999 } } },
    { "condition": "minecraft:entity_scores", "entity": "this", "scores": { "pbbs.cs.000115": { "min": 1, "max": 99999 } } },
    { "condition": "minecraft:entity_scores", "entity": "this", "scores": { "pbbs.cs.000203": { "min": 1, "max": 99999 } } },
    { "condition": "minecraft:entity_scores", "entity": "this", "scores": { "pbbs.cs.000212": { "min": 1, "max": 99999 } } },
    { "condition": "minecraft:entity_scores", "entity": "this", "scores": { "pbbs.cs.000272": { "min": 1, "max": 99999 } } },
    { "condition": "minecraft:entity_scores", "entity": "this", "scores": { "pbbs.cs.000280": { "min": 1, "max": 99999 } } },
    { "condition": "minecraft:entity_scores", "entity": "this", "scores": { "pbbs.cs.000290": { "min": 1, "max": 99999 } } },
    { "condition": "minecraft:entity_scores", "entity": "this", "scores": { "pbbs.cs.000300": { "min": 1, "max": 99999 } } },
    { "condition": "minecraft:entity_scores", "entity": "this", "scores": { "pbbs.cs.000345": { "min": 1, "max": 99999 } } },
    { "condition": "minecraft:entity_scores", "entity": "this", "scores": { "pbbs.cs.000357": { "min": 1, "max": 99999 } } },
    { "condition": "minecraft:entity_scores", "entity": "this", "scores": { "pbbs.cs.000385": { "min": 1, "max": 99999 } } },
    { "condition": "minecraft:entity_scores", "entity": "this", "scores": { "pbbs.cs.000404": { "min": 1, "max": 99999 } } },
    { "condition": "minecraft:entity_scores", "entity": "this", "scores": { "pbbs.cs.000487": { "min": 1, "max": 99999 } } },
    { "condition": "minecraft:entity_scores", "entity": "this", "scores": { "pbbs.cs.000501": { "min": 1, "max": 99999 } } }
  ]
}