{
  "condition": "minecraft:alternative",
  "terms": [
    { "condition": "minecraft:entity_scores", "entity": "this", "scores": { "pbbs.cs.000086": { "min": 1, "max": 99999 } } },
    { "condition": "minecraft:entity_scores", "entity": "this", "scores": { "pbbs.cs.000176": { "min": 1, "max": 99999 } } },
    { "condition": "minecraft:entity_scores", "entity": "this", "scores": { "pbbs.cs.000224": { "min": 1, "max": 99999 } } },
    { "condition": "minecraft:entity_scores", "entity": "this", "scores": { "pbbs.cs.000478": { "min": 1, "max": 99999 } } }
  ]
}