{
  "display": {
    "icon": {
            "item": "minecraft:potion",
            "nbt": "{Potion:\"minecraft:long_invisibility\"}"
    },
    "title": {
      "text": "Illusioner Raids",
      "color": "aqua"}
    ,
    "description":
      [{"text": "Illusioners join the fight in the final wave if you have Bad Omen 2 or higher!","color":"white"}]
    ,
    "frame": "goal",
    "show_toast": false,
    "announce_to_chat": false,
    "hidden": false
  },
  "parent": "8bm:global/8bm.root",
    "criteria": {
        "datapack": {
            "trigger": "minecraft:tick"
                    }
                }
            }
        }
    }
}
